Team,Group,Squad Number,Position,Player,Date Of Birth,Age,Caps,Goals,Club,Player Count
Egypt,A,1,GK,Essam El-Hadary (captain),1973/01/15,45,157,0,Al-Taawoun,1
Egypt,A,2,DF,Ali Gabr,1989/01/01,29,20,1,West Bromwich Albion,1
Egypt,A,3,DF,Ahmed Elmohamady,1987/09/09,30,77,2,Aston Villa,1
Egypt,A,4,MF,Omar Gaber,1992/01/30,26,23,0,Los Angeles FC,1
Egypt,A,5,MF,Sam Morsy,1991/09/10,26,4,0,Wigan Athletic,1
Egypt,A,6,DF,Ahmed Hegazi,1991/01/25,27,44,1,West Bromwich Albion,1
Egypt,A,7,DF,Ahmed Fathy,1984/11/10,33,125,3,Al Ahly,1
Egypt,A,8,MF,Tarek Hamed,1988/10/24,29,20,0,Zamalek,1
Egypt,A,9,FW,Marwan Mohsen,1989/02/26,29,23,4,Al Ahly,1
Egypt,A,10,FW,Mohamed Salah,1992/06/15,25,57,33,Liverpool,1
Egypt,A,11,FW,Kahraba,1994/04/13,24,18,3,Al-Ittihad,1
Egypt,A,12,DF,Ayman Ashraf,1991/04/09,27,4,0,Al Ahly,1
Egypt,A,13,DF,Mohamed Abdel-Shafy,1985/07/01,32,50,1,Al-Fateh,1
Egypt,A,14,FW,Ramadan Sobhi,1997/01/23,21,22,1,Stoke City,1
Egypt,A,15,DF,Mahmoud Hamdy,1995/06/01,23,0,0,Zamalek,1
Egypt,A,16,GK,Sherif Ekramy,1983/07/10,34,22,0,Al Ahly,1
Egypt,A,17,MF,Mohamed Elneny,1992/07/11,25,60,5,Arsenal,1
Egypt,A,18,FW,Shikabala,1986/03/05,32,29,2,Al-Raed,1
Egypt,A,19,MF,Abdallah Said,1985/07/13,32,35,6,KuPS,1
Egypt,A,20,DF,Saad Samir,1989/04/01,29,11,0,Al Ahly,1
Egypt,A,21,MF,Trézéguet,1994/10/01,23,23,2,Kasımpaşa,1
Egypt,A,22,FW,Amr Warda,1993/09/17,24,15,0,Atromitos,1
Egypt,A,23,GK,Mohamed El-Shenawy,1988/12/18,29,2,0,Al Ahly,1
Russia,A,1,GK,Igor Akinfeev (captain),1986/04/08,32,105,0,CSKA Moscow,1
Russia,A,2,DF,Mário Fernandes,1990/09/19,27,4,0,CSKA Moscow,1
Russia,A,3,DF,Ilya Kutepov,1993/07/29,24,6,0,Spartak Moscow,1
Russia,A,4,DF,Sergei Ignashevich,1979/07/14,38,121,8,CSKA Moscow,1
Russia,A,5,DF,Andrei Semyonov,1989/03/24,29,6,0,Akhmat Grozny,1
Russia,A,6,MF,Denis Cheryshev,1990/12/26,27,11,0,Villarreal,1
Russia,A,7,MF,Daler Kuzyayev,1993/01/15,25,5,0,Zenit Saint Petersburg,1
Russia,A,8,MF,Yury Gazinsky,1989/07/20,28,5,0,Krasnodar,1
Russia,A,9,MF,Alan Dzagoev,1990/06/17,27,56,9,CSKA Moscow,1
Russia,A,10,FW,Fyodor Smolov,1990/02/09,28,31,12,Krasnodar,1
Russia,A,11,MF,Roman Zobnin,1994/02/11,24,11,0,Spartak Moscow,1
Russia,A,12,GK,Andrey Lunyov,1991/11/13,26,3,0,Zenit Saint Petersburg,1
Russia,A,13,DF,Fyodor Kudryashov,1987/04/05,31,18,0,Rubin Kazan,1
Russia,A,14,DF,Vladimir Granat,1987/05/22,31,12,1,Rubin Kazan,1
Russia,A,15,MF,Aleksei Miranchuk,1995/10/17,22,17,4,Lokomotiv Moscow,1
Russia,A,16,MF,Anton Miranchuk,1995/10/17,22,5,0,Lokomotiv Moscow,1
Russia,A,17,MF,Aleksandr Golovin,1996/05/30,22,18,2,CSKA Moscow,1
Russia,A,18,MF,Yuri Zhirkov,1983/08/20,34,83,2,Zenit Saint Petersburg,1
Russia,A,19,MF,Aleksandr Samedov,1984/07/19,33,47,6,Spartak Moscow,1
Russia,A,20,GK,Vladimir Gabulov,1983/10/19,34,10,0,Club Brugge,1
Russia,A,21,MF,Aleksandr Yerokhin,1989/10/13,28,17,0,Zenit Saint Petersburg,1
Russia,A,22,FW,Artem Dzyuba,1988/08/22,29,23,11,Arsenal Tula,1
Russia,A,23,DF,Igor Smolnikov,1988/08/08,29,26,0,Zenit Saint Petersburg,1
Saudi Arabia,A,1,GK,Abdullah Al-Mayouf,1987/01/23,31,10,0,Al-Hilal,1
Saudi Arabia,A,2,DF,Mansoor Al-Harbi,1987/10/19,30,39,1,Al-Ahli,1
Saudi Arabia,A,3,DF,Osama Hawsawi (captain),1984/03/31,34,134,7,Al-Hilal,1
Saudi Arabia,A,4,DF,Ali Al-Bulaihi,1989/11/21,28,3,0,Al-Hilal,1
Saudi Arabia,A,5,DF,Omar Hawsawi,1985/09/27,32,41,3,Al-Nassr,1
Saudi Arabia,A,6,DF,Mohammed Al-Breik,1992/09/15,25,10,1,Al-Hilal,1
Saudi Arabia,A,7,MF,Salman Al-Faraj,1989/08/01,28,42,3,Al-Hilal,1
Saudi Arabia,A,8,MF,Yahya Al-Shehri,1990/06/26,27,56,8,Leganés,1
Saudi Arabia,A,9,MF,Hattan Bahebri,1992/07/16,25,4,0,Al-Shabab,1
Saudi Arabia,A,10,FW,Mohammad Al-Sahlawi,1987/01/10,31,39,28,Al-Nassr,1
Saudi Arabia,A,11,MF,Abdulmalek Al-Khaibri,1986/03/13,32,36,0,Al-Hilal,1
Saudi Arabia,A,12,MF,Mohamed Kanno,1994/09/22,23,6,1,Al-Hilal,1
Saudi Arabia,A,13,DF,Yasser Al-Shahrani,1992/05/25,26,36,0,Al-Hilal,1
Saudi Arabia,A,14,MF,Abdullah Otayf,1992/08/03,25,15,1,Al-Hilal,1
Saudi Arabia,A,15,MF,Abdullah Al-Khaibari,1996/08/16,21,4,0,Al-Shabab,1
Saudi Arabia,A,16,MF,Housain Al-Mogahwi,1988/03/24,30,17,1,Al-Ahli,1
Saudi Arabia,A,17,MF,Taisir Al-Jassim,1984/07/25,33,131,18,Al-Ahli,1
Saudi Arabia,A,18,MF,Salem Al-Dawsari,1991/08/19,26,32,4,Villarreal,1
Saudi Arabia,A,19,FW,Fahad Al-Muwallad,1994/09/14,23,44,10,Levante,1
Saudi Arabia,A,20,FW,Muhannad Assiri,1986/10/14,31,18,4,Al-Ahli,1
Saudi Arabia,A,21,GK,Yasser Al-Mosailem,1984/02/27,34,32,0,Al-Ahli,1
Saudi Arabia,A,22,GK,Mohammed Al-Owais,1991/10/10,26,6,0,Al-Ahli,1
Saudi Arabia,A,23,DF,Motaz Hawsawi,1992/02/17,26,17,0,Al-Ahli,1
Uruguay,A,1,GK,Fernando Muslera,1986/06/16,31,96,0,Galatasaray,1
Uruguay,A,2,DF,José Giménez,1995/01/20,23,41,4,Atlético Madrid,1
Uruguay,A,3,DF,Diego Godín (captain),1986/02/16,32,115,8,Atlético Madrid,1
Uruguay,A,4,DF,Guillermo Varela,1993/03/24,25,3,0,Peñarol,1
Uruguay,A,5,MF,Carlos Sánchez,1984/12/02,33,35,1,Monterrey,1
Uruguay,A,6,MF,Rodrigo Bentancur,1997/06/25,20,6,0,Juventus,1
Uruguay,A,7,MF,Cristian Rodríguez,1985/09/30,32,104,11,Peñarol,1
Uruguay,A,8,MF,Nahitan Nández,1995/12/28,22,11,0,Boca Juniors,1
Uruguay,A,9,FW,Luis Suárez,1987/01/24,31,97,50,Barcelona,1
Uruguay,A,10,FW,Giorgian De Arrascaeta,1994/06/01,24,13,1,Cruzeiro,1
Uruguay,A,11,FW,Cristhian Stuani,1986/10/12,31,40,5,Girona,1
Uruguay,A,12,GK,Martín Campaña,1989/05/29,29,1,0,Independiente,1
Uruguay,A,13,DF,Gastón Silva,1994/03/05,24,17,0,Independiente,1
Uruguay,A,14,MF,Lucas Torreira,1996/02/11,22,2,0,Sampdoria,1
Uruguay,A,15,MF,Matías Vecino,1991/08/24,26,21,1,Inter Milan,1
Uruguay,A,16,DF,Maxi Pereira,1984/06/08,33,124,3,Porto,1
Uruguay,A,17,MF,Diego Laxalt,1993/02/07,25,5,0,Genoa,1
Uruguay,A,18,FW,Maxi Gómez,1996/08/14,21,4,0,Celta Vigo,1
Uruguay,A,19,DF,Sebastián Coates,1990/10/07,27,30,1,Sporting CP,1
Uruguay,A,20,FW,Jonathan Urretaviscaya,1990/03/19,28,4,0,Monterrey,1
Uruguay,A,21,FW,Edinson Cavani,1987/02/14,31,100,42,Paris Saint-Germain,1
Uruguay,A,22,DF,Martín Cáceres,1987/04/07,31,75,4,Lazio,1
Uruguay,A,23,GK,Martín Silva,1983/03/25,35,11,0,Vasco da Gama,1
Iran,B,1,GK,Alireza Beiranvand,1992/09/21,25,21,0,Persepolis,1
Iran,B,2,MF,Mehdi Torabi,1994/09/10,23,16,4,Saipa,1
Iran,B,3,DF,Ehsan Hajsafi,1990/02/25,28,93,6,Olympiacos,1
Iran,B,4,DF,Rouzbeh Cheshmi,1993/07/24,24,9,1,Esteghlal,1
Iran,B,5,DF,Milad Mohammadi,1993/09/29,24,18,0,Akhmat Grozny,1
Iran,B,6,MF,Saeid Ezatolahi,1996/10/01,21,25,1,Amkar Perm,1
Iran,B,7,MF,Masoud Shojaei (captain),1984/06/09,33,73,8,AEK Athens,1
Iran,B,8,DF,Morteza Pouraliganji,1992/04/19,26,26,2,Al-Sadd,1
Iran,B,9,MF,Omid Ebrahimi,1987/09/16,30,29,0,Esteghlal,1
Iran,B,10,FW,Karim Ansarifard,1990/04/03,28,63,16,Olympiacos,1
Iran,B,11,MF,Vahid Amiri,1988/04/02,30,35,1,Persepolis,1
Iran,B,12,GK,Mohammad Rashid Mazaheri,1989/05/18,29,3,0,Zob Ahan Esfahan,1
Iran,B,13,DF,Mohammad Reza Khanzadeh,1991/05/11,27,11,1,Padideh,1
Iran,B,14,FW,Saman Ghoddos,1993/09/06,24,7,1,Östersund,1
Iran,B,15,DF,Pejman Montazeri,1983/09/06,34,46,1,Esteghlal,1
Iran,B,16,FW,Reza Ghoochannejhad,1987/09/20,30,42,17,Heerenveen,1
Iran,B,17,FW,Mehdi Taremi,1992/07/18,25,25,11,Al-Gharafa,1
Iran,B,18,FW,Alireza Jahanbakhsh,1993/08/11,24,37,4,AZ,1
Iran,B,19,DF,Majid Hosseini,1996/06/20,21,1,0,Esteghlal,1
Iran,B,20,FW,Sardar Azmoun,1995/01/01,23,32,23,Rubin Kazan,1
Iran,B,21,FW,Ashkan Dejagah,1986/07/05,31,45,9,Nottingham Forest,1
Iran,B,22,GK,Amir Abedzadeh,1993/04/26,25,1,0,Marítimo,1
Iran,B,23,DF,Ramin Rezaeian,1990/03/21,28,27,2,Oostende,1
Morocco,B,1,GK,Yassine Bounou,1991/04/05,27,11,0,Girona,1
Morocco,B,2,DF,Achraf Hakimi,1998/11/04,19,9,1,Real Madrid,1
Morocco,B,3,DF,Hamza Mendyl,1997/10/21,20,13,0,Lille,1
Morocco,B,4,DF,Manuel da Costa,1986/05/06,32,27,1,İstanbul Başakşehir,1
Morocco,B,5,DF,Medhi Benatia (captain),1987/04/17,31,56,2,Juventus,1
Morocco,B,6,DF,Romain Saïss,1990/03/26,28,23,1,Wolverhampton Wanderers,1
Morocco,B,7,MF,Hakim Ziyech,1993/03/19,25,17,8,Ajax,1
Morocco,B,8,MF,Karim El Ahmadi,1985/01/27,33,50,1,Feyenoord,1
Morocco,B,9,FW,Ayoub El Kaabi,1993/06/25,24,9,11,RS Berkane,1
Morocco,B,10,MF,Younès Belhanda,1990/02/25,28,46,4,Galatasaray,1
Morocco,B,11,MF,Fayçal Fajr,1988/08/01,29,23,2,Getafe,1
Morocco,B,12,GK,Munir Mohamedi,1989/05/10,29,26,0,Numancia,1
Morocco,B,13,FW,Khalid Boutaïb,1987/04/24,31,17,7,Yeni Malatyaspor,1
Morocco,B,14,MF,Mbark Boussoufa,1984/08/15,33,58,7,Al-Jazira,1
Morocco,B,15,MF,Youssef Aït Bennasser,1996/07/07,21,13,0,Caen,1
Morocco,B,16,MF,Nordin Amrabat,1987/03/31,31,43,4,Leganés,1
Morocco,B,17,DF,Nabil Dirar,1986/02/25,32,34,3,Fenerbahçe,1
Morocco,B,18,MF,Amine Harit,1997/06/18,20,5,0,Schalke 04,1
Morocco,B,19,FW,Youssef En-Nesyri,1997/06/01,21,15,1,Málaga,1
Morocco,B,20,FW,Aziz Bouhaddouz,1987/03/30,31,14,3,FC St. Pauli,1
Morocco,B,21,MF,Sofyan Amrabat,1996/08/21,21,5,0,Feyenoord,1
Morocco,B,22,GK,Ahmed Reda Tagnaouti,1996/04/05,22,2,0,IR Tanger,1
Morocco,B,23,MF,Mehdi Carcela,1989/07/01,28,20,1,Standard Liège,1
Portugal,B,1,GK,Rui Patrício,1988/02/15,30,68,0,Sporting CP,1
Portugal,B,2,DF,Bruno Alves,1981/11/27,36,95,11,Rangers,1
Portugal,B,3,DF,Pepe,1983/02/26,35,94,5,Beşiktaş,1
Portugal,B,4,MF,Manuel Fernandes,1986/02/05,32,14,3,Lokomotiv Moscow,1
Portugal,B,5,DF,Raphaël Guerreiro,1993/12/22,24,23,2,Borussia Dortmund,1
Portugal,B,6,DF,José Fonte,1983/12/22,34,30,0,Dalian Yifang,1
Portugal,B,7,FW,Cristiano Ronaldo (captain),1985/02/05,33,149,81,Real Madrid,1
Portugal,B,8,MF,João Moutinho,1986/09/08,31,109,7,Monaco,1
Portugal,B,9,FW,André Silva,1995/11/06,22,22,12,Milan,1
Portugal,B,10,MF,João Mário,1993/01/19,25,35,2,West Ham United,1
Portugal,B,11,MF,Bernardo Silva,1994/08/10,23,24,2,Manchester City,1
Portugal,B,12,GK,Anthony Lopes,1990/10/01,27,7,0,Lyon,1
Portugal,B,13,DF,Rúben Dias,1997/05/14,21,1,0,Benfica,1
Portugal,B,14,MF,William Carvalho,1992/04/07,26,42,2,Sporting CP,1
Portugal,B,15,DF,Ricardo Pereira,1993/10/06,24,4,0,Porto,1
Portugal,B,16,MF,Bruno Fernandes,1994/09/08,23,5,0,Sporting CP,1
Portugal,B,17,FW,Gonçalo Guedes,1996/11/29,21,9,1,Valencia,1
Portugal,B,18,FW,Gelson Martins,1995/05/11,23,18,0,Sporting CP,1
Portugal,B,19,DF,Mário Rui,1991/05/27,27,3,0,Napoli,1
Portugal,B,20,FW,Ricardo Quaresma,1983/09/26,34,76,9,Beşiktaş,1
Portugal,B,21,DF,Cédric,1991/08/31,26,28,1,Southampton,1
Portugal,B,22,GK,Beto,1982/05/01,36,14,0,Göztepe,1
Portugal,B,23,MF,Adrien Silva,1989/03/15,29,22,1,Leicester City,1
Spain,B,1,GK,David de Gea,1990/11/07,27,28,0,Manchester United,1
Spain,B,2,DF,Dani Carvajal,1992/01/11,26,15,0,Real Madrid,1
Spain,B,3,DF,Gerard Piqué,1987/02/02,31,97,5,Barcelona,1
Spain,B,4,DF,Nacho,1990/01/18,28,16,0,Real Madrid,1
Spain,B,5,MF,Sergio Busquets,1988/07/16,29,102,2,Barcelona,1
Spain,B,6,MF,Andrés Iniesta,1984/05/11,34,126,14,Barcelona,1
Spain,B,7,MF,Saúl,1994/11/21,23,10,0,Atlético Madrid,1
Spain,B,8,MF,Koke,1992/01/08,26,39,0,Atlético Madrid,1
Spain,B,9,FW,Rodrigo,1991/03/06,27,5,2,Valencia,1
Spain,B,10,MF,Thiago,1991/04/11,27,28,2,Bayern Munich,1
Spain,B,11,FW,Lucas Vázquez,1991/07/01,26,6,0,Real Madrid,1
Spain,B,12,DF,Álvaro Odriozola,1995/12/14,22,3,1,Real Sociedad,1
Spain,B,13,GK,Kepa Arrizabalaga,1994/10/03,23,1,0,Athletic Bilbao,1
Spain,B,14,DF,César Azpilicueta,1989/08/28,28,22,0,Chelsea,1
Spain,B,15,DF,Sergio Ramos (captain),1986/03/30,32,151,13,Real Madrid,1
Spain,B,16,DF,Nacho Monreal,1986/02/26,32,22,1,Arsenal,1
Spain,B,17,FW,Iago Aspas,1987/08/01,30,9,4,Celta Vigo,1
Spain,B,18,DF,Jordi Alba,1989/03/21,29,61,8,Barcelona,1
Spain,B,19,FW,Diego Costa,1988/10/07,29,19,7,Atlético Madrid,1
Spain,B,20,MF,Marco Asensio,1996/01/21,22,11,0,Real Madrid,1
Spain,B,21,FW,David Silva,1986/01/08,32,120,35,Manchester City,1
Spain,B,22,MF,Isco,1992/04/21,26,27,10,Real Madrid,1
Spain,B,23,GK,Pepe Reina,1982/08/31,35,36,0,Napoli,1
Australia,C,1,GK,Mathew Ryan,1992/04/08,26,43,0,Brighton & Hove Albion,1
Australia,C,2,DF,Milos Degenek,1994/04/28,24,18,0,Yokohama F. Marinos,1
Australia,C,3,DF,James Meredith,1988/04/05,30,2,0,Millwall,1
Australia,C,4,FW,Tim Cahill,1979/12/06,38,105,50,Millwall,1
Australia,C,5,DF,Mark Milligan,1985/08/04,32,70,6,Al-Ahli,1
Australia,C,6,DF,Matthew Jurman,1989/12/08,28,4,0,Suwon Samsung Bluewings,1
Australia,C,7,FW,Mathew Leckie,1991/02/04,27,52,8,Hertha BSC,1
Australia,C,8,MF,Massimo Luongo,1992/09/25,25,35,5,Queens Park Rangers,1
Australia,C,9,FW,Tomi Juric,1991/07/22,26,34,8,Luzern,1
Australia,C,10,FW,Robbie Kruse,1988/10/05,29,63,5,VfL Bochum,1
Australia,C,11,FW,Andrew Nabbout,1992/12/17,25,3,1,Urawa Red Diamonds,1
Australia,C,12,GK,Brad Jones,1982/03/19,36,5,0,Feyenoord,1
Australia,C,13,MF,Aaron Mooy,1990/09/15,27,33,5,Huddersfield Town,1
Australia,C,14,FW,Jamie Maclaren,1993/07/29,24,6,0,Hibernian,1
Australia,C,15,MF,Mile Jedinak (captain),1984/08/03,33,75,18,Aston Villa,1
Australia,C,16,DF,Aziz Behich,1990/12/16,27,22,2,Bursaspor,1
Australia,C,17,FW,Daniel Arzani,1999/01/04,19,1,0,Melbourne City,1
Australia,C,18,GK,Danny Vukovic,1985/03/27,33,1,0,Genk,1
Australia,C,19,DF,Josh Risdon,1992/07/27,25,7,0,Western Sydney Wanderers,1
Australia,C,20,DF,Trent Sainsbury,1992/01/05,26,34,3,Grasshoppers,1
Australia,C,21,FW,Dimitri Petratos,1992/11/10,25,2,0,Newcastle Jets,1
Australia,C,22,MF,Jackson Irvine,1993/03/07,25,18,2,Hull City,1
Australia,C,23,MF,Tom Rogic,1992/12/16,25,36,7,Celtic,1
Denmark,C,1,GK,Kasper Schmeichel,1986/11/05,31,34,0,Leicester City,1
Denmark,C,2,MF,Michael Krohn-Dehli,1983/06/06,34,58,6,Deportivo La Coruña,1
Denmark,C,3,DF,Jannik Vestergaard,1992/08/03,25,16,1,Borussia Mönchengladbach,1
Denmark,C,4,DF,Simon Kjær (captain),1989/03/26,29,77,3,Sevilla,1
Denmark,C,5,DF,Jonas Knudsen,1992/09/16,25,3,0,Ipswich Town,1
Denmark,C,6,DF,Andreas Christensen,1996/04/10,22,15,1,Chelsea,1
Denmark,C,7,MF,William Kvist,1985/02/24,33,79,2,Copenhagen,1
Denmark,C,8,MF,Thomas Delaney,1991/09/03,26,26,4,Werder Bremen,1
Denmark,C,9,FW,Nicolai Jørgensen,1991/01/15,27,30,8,Feyenoord,1
Denmark,C,10,MF,Christian Eriksen,1992/02/14,26,77,21,Tottenham Hotspur,1
Denmark,C,11,FW,Martin Braithwaite,1991/06/05,27,19,1,Bordeaux,1
Denmark,C,12,FW,Kasper Dolberg,1997/10/06,20,5,1,Ajax,1
Denmark,C,13,DF,Mathias Jørgensen,1990/04/23,28,12,0,Huddersfield Town,1
Denmark,C,14,DF,Henrik Dalsgaard,1989/07/27,28,10,0,Brentford,1
Denmark,C,15,FW,Viktor Fischer,1994/06/09,23,18,3,Copenhagen,1
Denmark,C,16,GK,Jonas Lössl,1989/02/01,29,1,0,Huddersfield Town,1
Denmark,C,17,DF,Jens Stryger Larsen,1991/02/21,27,12,1,Udinese,1
Denmark,C,18,MF,Lukas Lerager,1993/07/12,24,3,0,Bordeaux,1
Denmark,C,19,MF,Lasse Schöne,1986/05/27,32,35,3,Ajax,1
Denmark,C,20,FW,Yussuf Poulsen,1994/06/15,23,27,3,RB Leipzig,1
Denmark,C,21,FW,Andreas Cornelius,1993/03/16,25,18,4,Atalanta,1
Denmark,C,22,GK,Frederik Rønnow,1992/08/04,25,6,0,Brøndby,1
Denmark,C,23,FW,Pione Sisto,1995/02/04,23,13,1,Celta Vigo,1
France,C,1,GK,Hugo Lloris (captain),1986/12/26,31,97,0,Tottenham Hotspur,1
France,C,2,DF,Benjamin Pavard,1996/03/28,22,5,0,VfB Stuttgart,1
France,C,3,DF,Presnel Kimpembe,1995/08/13,22,2,0,Paris Saint-Germain,1
France,C,4,DF,Raphaël Varane,1993/04/25,25,41,2,Real Madrid,1
France,C,5,DF,Samuel Umtiti,1993/11/14,24,18,2,Barcelona,1
France,C,6,MF,Paul Pogba,1993/03/15,25,53,9,Manchester United,1
France,C,7,FW,Antoine Griezmann,1991/03/21,27,53,20,Atlético Madrid,1
France,C,8,FW,Thomas Lemar,1995/11/12,22,11,3,Monaco,1
France,C,9,FW,Olivier Giroud,1986/09/30,31,73,31,Chelsea,1
France,C,10,FW,Kylian Mbappé,1998/12/20,19,14,3,Paris Saint-Germain,1
France,C,11,FW,Ousmane Dembélé,1997/05/15,21,11,2,Barcelona,1
France,C,12,MF,Corentin Tolisso,1994/08/03,23,8,0,Bayern Munich,1
France,C,13,MF,"N'Golo Kanté",1991/03/29,27,23,1,Chelsea,1
France,C,14,MF,Blaise Matuidi,1987/04/09,31,66,9,Juventus,1
France,C,15,MF,Steven Nzonzi,1988/12/15,29,4,0,Sevilla,1
France,C,16,GK,Steve Mandanda,1985/03/28,33,27,0,Marseille,1
France,C,17,DF,Adil Rami,1985/12/27,32,35,1,Marseille,1
France,C,18,FW,Nabil Fekir,1993/07/18,24,11,2,Lyon,1
France,C,19,DF,Djibril Sidibé,1992/07/29,25,16,1,Monaco,1
France,C,20,FW,Florian Thauvin,1993/01/26,25,4,0,Marseille,1
France,C,21,DF,Lucas Hernández,1996/02/14,22,4,0,Atlético Madrid,1
France,C,22,DF,Benjamin Mendy,1994/07/17,23,6,0,Manchester City,1
France,C,23,GK,Alphonse Areola,1993/02/27,25,0,0,Paris Saint-Germain,1
Peru,C,1,GK,Pedro Gallese,1990/02/23,28,37,0,Veracruz,1
Peru,C,2,DF,Alberto Rodríguez,1984/03/31,34,58,0,Atlético Junior,1
Peru,C,3,DF,Aldo Corzo,1989/05/20,29,25,0,Universitario,1
Peru,C,4,DF,Anderson Santamaría,1992/01/10,26,3,0,Puebla,1
Peru,C,5,DF,Miguel Araujo,1994/10/24,23,7,0,Alianza Lima,1
Peru,C,6,DF,Miguel Trauco,1992/08/25,25,26,0,Flamengo,1
Peru,C,7,MF,Paolo Hurtado,1990/07/27,27,31,3,Vitória de Guimarães,1
Peru,C,8,MF,Christian Cueva,1991/11/23,26,43,8,São Paulo,1
Peru,C,9,FW,Paolo Guerrero (captain),1984/01/01,34,87,34,Flamengo,1
Peru,C,10,FW,Jefferson Farfán,1984/10/26,33,83,25,Lokomotiv Moscow,1
Peru,C,11,FW,Raúl Ruidíaz,1990/07/25,27,30,4,Morelia,1
Peru,C,12,GK,Carlos Cáceda,1991/09/27,26,4,0,Deportivo Municipal,1
Peru,C,13,MF,Renato Tapia,1995/07/28,22,22,1,Feyenoord,1
Peru,C,14,MF,Andy Polo,1994/09/29,23,16,1,Portland Timbers,1
Peru,C,15,DF,Christian Ramos,1988/11/04,29,65,3,Veracruz,1
Peru,C,16,MF,Wilder Cartagena,1994/09/23,23,3,0,Veracruz,1
Peru,C,17,DF,Luis Advíncula,1990/03/02,28,64,0,Lobos BUAP,1
Peru,C,18,FW,André Carrillo,1991/06/14,26,44,5,Watford,1
Peru,C,19,MF,Yoshimar Yotún,1990/04/07,28,72,2,Orlando City,1
Peru,C,20,FW,Edison Flores,1994/05/14,24,28,9,AaB,1
Peru,C,21,GK,José Carvallo,1986/03/01,32,6,0,UTC,1
Peru,C,22,DF,Nilson Loyola,1994/10/26,23,3,0,Melgar,1
Peru,C,23,MF,Pedro Aquino,1995/04/13,23,12,0,Lobos BUAP,1
Argentina,D,1,GK,Nahuel Guzmán,1986/02/10,32,6,0,UANL,1
Argentina,D,2,DF,Gabriel Mercado,1987/03/18,31,20,3,Sevilla,1
Argentina,D,3,DF,Nicolás Tagliafico,1992/08/31,25,4,0,Ajax,1
Argentina,D,4,DF,Cristian Ansaldi,1986/09/20,31,5,0,Torino,1
Argentina,D,5,MF,Lucas Biglia,1986/01/30,32,57,1,Milan,1
Argentina,D,6,DF,Federico Fazio,1987/03/17,31,9,1,Roma,1
Argentina,D,7,MF,Éver Banega,1988/06/29,29,62,6,Sevilla,1
Argentina,D,8,DF,Marcos Acuña,1991/10/28,26,10,0,Sporting CP,1
Argentina,D,9,FW,Gonzalo Higuaín,1987/12/10,30,71,31,Juventus,1
Argentina,D,10,FW,Lionel Messi (captain),1987/06/24,30,124,64,Barcelona,1
Argentina,D,11,MF,Ángel Di María,1988/02/14,30,94,19,Paris Saint-Germain,1
Argentina,D,12,GK,Franco Armani,1986/10/16,31,0,0,River Plate,1
Argentina,D,13,MF,Maximiliano Meza,1992/12/15,25,2,0,Independiente,1
Argentina,D,14,DF,Javier Mascherano,1984/06/08,33,143,3,Hebei China Fortune,1
Argentina,D,15,MF,Manuel Lanzini,1993/02/15,25,4,1,West Ham United,1
Argentina,D,16,DF,Marcos Rojo,1990/03/20,28,56,2,Manchester United,1
Argentina,D,17,DF,Nicolás Otamendi,1988/02/12,30,54,4,Manchester City,1
Argentina,D,18,DF,Eduardo Salvio,1990/07/13,27,9,0,Benfica,1
Argentina,D,19,FW,Sergio Agüero,1988/06/02,30,85,37,Manchester City,1
Argentina,D,20,MF,Giovani Lo Celso,1996/04/09,22,5,0,Paris Saint-Germain,1
Argentina,D,21,FW,Paulo Dybala,1993/11/15,24,12,0,Juventus,1
Argentina,D,22,MF,Cristian Pavón,1996/01/21,22,5,0,Boca Juniors,1
Argentina,D,23,GK,Willy Caballero,1981/09/28,36,3,0,Chelsea,1
Croatia,D,1,GK,Dominik Livaković,1995/01/09,23,1,0,Dinamo Zagreb,1
Croatia,D,2,DF,Šime Vrsaljko,1992/01/10,26,35,0,Atlético Madrid,1
Croatia,D,3,DF,Ivan Strinić,1987/07/17,30,42,0,Sampdoria,1
Croatia,D,4,FW,Ivan Perišić,1989/02/02,29,65,17,Inter Milan,1
Croatia,D,5,DF,Vedran Ćorluka,1986/02/05,32,98,4,Lokomotiv Moscow,1
Croatia,D,6,DF,Dejan Lovren,1989/07/05,28,38,2,Liverpool,1
Croatia,D,7,MF,Ivan Rakitić,1988/03/10,30,91,14,Barcelona,1
Croatia,D,8,MF,Mateo Kovačić,1994/05/06,24,40,1,Real Madrid,1
Croatia,D,9,FW,Andrej Kramarić,1991/06/19,26,30,8,1899 Hoffenheim,1
Croatia,D,10,MF,Luka Modrić (captain),1985/09/09,32,105,12,Real Madrid,1
Croatia,D,11,MF,Marcelo Brozović,1992/11/16,25,34,6,Inter Milan,1
Croatia,D,12,GK,Lovre Kalinić,1990/04/03,28,10,0,Gent,1
Croatia,D,13,DF,Tin Jedvaj,1995/11/28,22,11,0,Bayer Leverkusen,1
Croatia,D,14,MF,Filip Bradarić,1992/01/11,26,4,0,Rijeka,1
Croatia,D,15,DF,Duje Ćaleta-Car,1996/09/17,21,1,0,Red Bull Salzburg,1
Croatia,D,16,FW,Nikola Kalinić,1988/01/05,30,41,15,Milan,1
Croatia,D,17,FW,Mario Mandžukić,1986/05/21,32,82,30,Juventus,1
Croatia,D,18,FW,Ante Rebić,1993/09/21,24,15,1,Eintracht Frankfurt,1
Croatia,D,19,MF,Milan Badelj,1989/02/25,29,37,1,Fiorentina,1
Croatia,D,20,FW,Marko Pjaca,1995/05/06,23,16,1,Schalke 04,1
Croatia,D,21,DF,Domagoj Vida,1989/04/29,29,58,2,Beşiktaş,1
Croatia,D,22,DF,Josip Pivarić,1989/01/30,29,19,0,Dynamo Kyiv,1
Croatia,D,23,GK,Danijel Subašić,1984/10/27,33,37,0,Monaco,1
Iceland,D,1,GK,Hannes Þór Halldórsson,1984/04/27,34,48,0,Randers,1
Iceland,D,2,DF,Birkir Már Sævarsson,1984/11/11,33,79,1,Valur,1
Iceland,D,3,MF,Samúel Friðjónsson,1996/02/22,22,4,0,Vålerenga,1
Iceland,D,4,MF,Albert Guðmundsson,1997/06/15,20,5,3,PSV Eindhoven,1
Iceland,D,5,DF,Sverrir Ingi Ingason,1993/08/05,24,19,3,Rostov,1
Iceland,D,6,DF,Ragnar Sigurðsson,1986/06/19,31,76,3,Rostov,1
Iceland,D,7,MF,Jóhann Berg Guðmundsson,1990/10/27,27,66,7,Burnley,1
Iceland,D,8,MF,Birkir Bjarnason,1988/05/27,30,66,9,Aston Villa,1
Iceland,D,9,FW,Björn Bergmann Sigurðarson,1991/02/26,27,11,1,Rostov,1
Iceland,D,10,MF,Gylfi Sigurðsson,1989/09/08,28,56,19,Everton,1
Iceland,D,11,FW,Alfreð Finnbogason,1989/02/01,29,46,12,FC Augsburg,1
Iceland,D,12,GK,Frederik Schram,1995/01/19,23,4,0,Roskilde,1
Iceland,D,13,GK,Rúnar Alex Rúnarsson,1995/02/18,23,3,0,Nordsjælland,1
Iceland,D,14,DF,Kári Árnason,1982/10/13,35,66,4,Aberdeen,1
Iceland,D,15,DF,Hólmar Örn Eyjólfsson,1990/08/06,27,9,1,Levski Sofia,1
Iceland,D,16,MF,Ólafur Ingi Skúlason,1983/04/01,35,35,1,Kardemir Karabükspor,1
Iceland,D,17,MF,Aron Gunnarsson (captain),1989/04/22,29,77,2,Cardiff City,1
Iceland,D,18,DF,Hörður Björgvin Magnússon,1993/02/11,25,16,2,Bristol City,1
Iceland,D,19,MF,Rúrik Gíslason,1988/02/25,30,46,3,SV Sandhausen,1
Iceland,D,20,MF,Emil Hallfreðsson,1984/06/29,33,63,1,Udinese,1
Iceland,D,21,MF,Arnór Ingvi Traustason,1993/04/30,25,18,5,Malmö,1
Iceland,D,22,FW,Jón Daði Böðvarsson,1992/05/25,26,37,2,Reading,1
Iceland,D,23,DF,Ari Freyr Skúlason,1987/05/14,31,55,0,Lokeren,1
Nigeria,D,1,GK,Ikechukwu Ezenwa,1988/10/16,29,24,0,Enyimba,1
Nigeria,D,2,DF,Brian Idowu,1992/05/18,26,4,1,Amkar Perm,1
Nigeria,D,3,DF,Elderson Echiéjilé,1988/01/20,30,61,3,Cercle Brugge,1
Nigeria,D,4,MF,Wilfred Ndidi,1996/12/16,21,16,0,Leicester City,1
Nigeria,D,5,DF,William Troost-Ekong,1993/09/01,24,21,1,Bursaspor,1
Nigeria,D,6,DF,Leon Balogun,1988/06/28,29,18,0,Mainz 05,1
Nigeria,D,7,FW,Ahmed Musa,1992/10/14,25,71,13,CSKA Moscow,1
Nigeria,D,8,MF,Oghenekaro Etebo,1995/11/09,22,14,1,Las Palmas,1
Nigeria,D,9,FW,Odion Ighalo,1989/06/16,28,18,4,Changchun Yatai,1
Nigeria,D,10,MF,John Obi Mikel (captain),1987/04/22,31,84,6,Tianjin TEDA,1
Nigeria,D,11,FW,Victor Moses,1990/12/12,27,33,11,Chelsea,1
Nigeria,D,12,DF,Shehu Abdullahi,1993/03/12,25,24,0,Bursaspor,1
Nigeria,D,13,FW,Simeon Nwankwo,1992/05/07,26,1,0,Crotone,1
Nigeria,D,14,FW,Kelechi Iheanacho,1996/03/10,22,17,8,Leicester City,1
Nigeria,D,15,MF,Joel Obi,1991/05/22,27,17,0,Torino,1
Nigeria,D,16,GK,Daniel Akpeyi,1986/03/08,32,7,0,Chippa United,1
Nigeria,D,17,MF,Ogenyi Onazi,1992/12/25,25,52,1,Trabzonspor,1
Nigeria,D,18,FW,Alex Iwobi,1996/05/03,22,18,5,Arsenal,1
Nigeria,D,19,MF,John Ogu,1988/04/20,30,19,2,"Hapoel Be'er Sheva",1
Nigeria,D,20,DF,Chidozie Awaziem,1997/01/01,21,4,0,Nantes,1
Nigeria,D,21,DF,Tyronne Ebuehi,1995/12/16,22,6,0,ADO Den Haag,1
Nigeria,D,22,DF,Kenneth Omeruo,1993/10/17,24,39,0,Kasımpaşa,1
Nigeria,D,23,GK,Francis Uzoho,1998/10/28,19,5,0,Deportivo La Coruña,1
Brazil,E,1,GK,Alisson,1992/10/02,25,25,0,Roma,1
Brazil,E,2,DF,Thiago Silva,1984/09/22,33,70,5,Paris Saint-Germain,1
Brazil,E,3,DF,Miranda,1984/09/07,33,46,2,Inter Milan,1
Brazil,E,4,DF,Pedro Geromel,1985/09/21,32,2,0,Grêmio,1
Brazil,E,5,MF,Casemiro,1992/02/23,26,23,0,Real Madrid,1
Brazil,E,6,DF,Filipe Luís,1985/08/09,32,32,2,Atlético Madrid,1
Brazil,E,7,FW,Douglas Costa,1990/09/14,27,24,3,Juventus,1
Brazil,E,8,MF,Renato Augusto,1988/02/08,30,28,5,Beijing Sinobo Guoan,1
Brazil,E,9,FW,Gabriel Jesus,1997/04/03,21,16,9,Manchester City,1
Brazil,E,10,FW,Neymar,1992/02/05,26,84,54,Paris Saint-Germain,1
Brazil,E,11,MF,Philippe Coutinho,1992/06/12,25,36,9,Barcelona,1
Brazil,E,12,DF,Marcelo,1988/05/12,30,53,6,Real Madrid,1
Brazil,E,13,DF,Marquinhos,1994/05/14,24,25,0,Paris Saint-Germain,1
Brazil,E,14,DF,Danilo,1991/07/15,26,17,0,Manchester City,1
Brazil,E,15,MF,Paulinho,1988/07/25,29,49,12,Barcelona,1
Brazil,E,16,GK,Cássio,1987/06/06,30,1,0,Corinthians,1
Brazil,E,17,MF,Fernandinho,1985/05/04,33,43,2,Manchester City,1
Brazil,E,18,MF,Fred,1993/03/05,25,8,0,Shakhtar Donetsk,1
Brazil,E,19,MF,Willian,1988/08/09,29,56,8,Chelsea,1
Brazil,E,20,FW,Roberto Firmino,1991/10/02,26,20,6,Liverpool,1
Brazil,E,21,FW,Taison,1988/01/13,30,7,1,Shakhtar Donetsk,1
Brazil,E,22,DF,Fagner,1989/06/11,28,4,0,Corinthians,1
Brazil,E,23,GK,Ederson,1993/08/17,24,1,0,Manchester City,1
Costa Rica,E,1,GK,Keylor Navas,1986/12/15,31,79,0,Real Madrid,1
Costa Rica,E,2,DF,Johnny Acosta,1983/07/21,34,68,2,Águilas Doradas,1
Costa Rica,E,3,DF,Giancarlo González,1988/02/08,30,68,2,Bologna,1
Costa Rica,E,4,DF,Ian Smith,1998/03/06,20,2,0,Norrköping,1
Costa Rica,E,5,MF,Celso Borges,1988/05/27,30,111,21,Deportivo La Coruña,1
Costa Rica,E,6,DF,Óscar Duarte,1989/06/03,29,38,2,Espanyol,1
Costa Rica,E,7,MF,Christian Bolaños,1984/05/17,34,79,6,Saprissa,1
Costa Rica,E,8,DF,Bryan Oviedo,1990/02/18,28,42,1,Sunderland,1
Costa Rica,E,9,MF,Daniel Colindres,1985/01/10,33,11,0,Saprissa,1
Costa Rica,E,10,MF,Bryan Ruiz (captain),1985/08/18,32,109,23,Sporting CP,1
Costa Rica,E,11,FW,Johan Venegas,1988/11/27,29,45,10,Saprissa,1
Costa Rica,E,12,FW,Joel Campbell,1992/06/26,25,75,15,Real Betis,1
Costa Rica,E,13,MF,Rodney Wallace,1988/06/17,29,30,4,New York City FC,1
Costa Rica,E,14,MF,Randall Azofeifa,1984/12/30,33,57,3,Herediano,1
Costa Rica,E,15,DF,Francisco Calvo,1992/07/08,25,36,4,Minnesota United,1
Costa Rica,E,16,DF,Cristian Gamboa,1989/10/24,28,66,3,Celtic,1
Costa Rica,E,17,MF,Yeltsin Tejeda,1992/03/17,26,49,0,Lausanne,1
Costa Rica,E,18,GK,Patrick Pemberton,1982/04/24,36,39,0,Alajuelense,1
Costa Rica,E,19,DF,Kendall Waston,1988/01/01,30,25,3,Vancouver Whitecaps FC,1
Costa Rica,E,20,MF,David Guzmán,1990/02/18,28,41,0,Portland Timbers,1
Costa Rica,E,21,FW,Marco Ureña,1990/03/05,28,62,15,Los Angeles FC,1
Costa Rica,E,22,DF,Rónald Matarrita,1994/07/09,23,22,2,New York City FC,1
Costa Rica,E,23,GK,Leonel Moreira,1990/04/02,28,9,0,Herediano,1
Serbia,E,1,GK,Vladimir Stojković,1983/07/28,34,80,0,Partizan,1
Serbia,E,2,DF,Antonio Rukavina,1984/01/26,34,46,0,Villarreal,1
Serbia,E,3,DF,Duško Tošić,1985/01/19,33,23,1,Beşiktaş,1
Serbia,E,4,MF,Luka Milivojević,1991/04/07,27,27,1,Crystal Palace,1
Serbia,E,5,DF,Uroš Spajić,1993/02/13,25,5,0,Anderlecht,1
Serbia,E,6,DF,Branislav Ivanović,1984/02/22,34,102,12,Zenit Saint Petersburg,1
Serbia,E,7,MF,Andrija Živković,1996/07/11,21,10,0,Benfica,1
Serbia,E,8,FW,Aleksandar Prijović,1990/04/21,28,8,1,PAOK,1
Serbia,E,9,FW,Aleksandar Mitrović,1994/09/16,23,36,13,Fulham,1
Serbia,E,10,MF,Dušan Tadić,1988/11/20,29,52,13,Southampton,1
Serbia,E,11,DF,Aleksandar Kolarov (captain),1985/11/10,32,75,10,Roma,1
Serbia,E,12,GK,Predrag Rajković,1995/10/31,22,7,0,Maccabi Tel Aviv,1
Serbia,E,13,DF,Miloš Veljković,1995/09/26,22,2,0,Werder Bremen,1
Serbia,E,14,DF,Milan Rodić,1991/04/02,27,1,0,Red Star Belgrade,1
Serbia,E,15,DF,Nikola Milenković,1997/10/12,20,2,0,Fiorentina,1
Serbia,E,16,MF,Marko Grujić,1996/04/13,22,7,0,Cardiff City,1
Serbia,E,17,MF,Filip Kostić,1992/11/01,25,22,2,Hamburger SV,1
Serbia,E,18,FW,Nemanja Radonjić,1996/02/15,22,2,0,Red Star Belgrade,1
Serbia,E,19,FW,Luka Jović,1997/12/23,20,1,0,Eintracht Frankfurt,1
Serbia,E,20,MF,Sergej Milinković-Savić,1995/02/27,23,3,0,Lazio,1
Serbia,E,21,MF,Nemanja Matić,1988/08/01,29,39,2,Manchester United,1
Serbia,E,22,MF,Adem Ljajić,1991/09/29,26,28,5,Torino,1
Serbia,E,23,GK,Marko Dmitrović,1992/01/24,26,2,0,Eibar,1
Switzerland,E,1,GK,Yann Sommer,1988/12/17,29,35,0,Borussia Mönchengladbach,1
Switzerland,E,2,DF,Stephan Lichtsteiner (captain),1984/01/16,34,99,8,Juventus,1
Switzerland,E,3,DF,François Moubandje,1990/06/21,27,17,0,Toulouse,1
Switzerland,E,4,DF,Nico Elvedi,1996/09/30,21,5,0,Borussia Mönchengladbach,1
Switzerland,E,5,DF,Manuel Akanji,1995/07/19,22,6,0,Borussia Dortmund,1
Switzerland,E,6,DF,Michael Lang,1991/02/08,27,24,2,Basel,1
Switzerland,E,7,FW,Breel Embolo,1997/02/14,21,24,3,Schalke 04,1
Switzerland,E,8,MF,Remo Freuler,1992/04/15,26,9,0,Atalanta,1
Switzerland,E,9,FW,Haris Seferović,1992/02/22,26,50,11,Benfica,1
Switzerland,E,10,MF,Granit Xhaka,1992/09/27,25,61,9,Arsenal,1
Switzerland,E,11,MF,Valon Behrami,1985/04/19,33,78,2,Udinese,1
Switzerland,E,12,GK,Yvon Mvogo,1994/06/06,23,0,0,RB Leipzig,1
Switzerland,E,13,DF,Ricardo Rodríguez,1992/08/25,25,52,4,Milan,1
Switzerland,E,14,MF,Steven Zuber,1991/08/17,26,11,3,1899 Hoffenheim,1
Switzerland,E,15,MF,Blerim Džemaili,1986/04/12,32,64,9,Bologna,1
Switzerland,E,16,MF,Gelson Fernandes,1986/09/02,31,67,2,Eintracht Frankfurt,1
Switzerland,E,17,MF,Denis Zakaria,1996/11/20,21,10,0,Borussia Mönchengladbach,1
Switzerland,E,18,FW,Mario Gavranović,1989/11/24,28,13,5,Dinamo Zagreb,1
Switzerland,E,19,FW,Josip Drmić,1992/08/08,25,28,9,Borussia Mönchengladbach,1
Switzerland,E,20,DF,Johan Djourou,1987/01/18,31,74,2,Antalyaspor,1
Switzerland,E,21,GK,Roman Bürki,1990/11/14,27,8,0,Borussia Dortmund,1
Switzerland,E,22,DF,Fabian Schär,1991/12/20,26,38,7,Deportivo La Coruña,1
Switzerland,E,23,MF,Xherdan Shaqiri,1991/10/10,26,69,20,Stoke City,1
Germany,F,1,GK,Manuel Neuer (captain),1986/03/27,32,75,0,Bayern Munich,1
Germany,F,2,DF,Marvin Plattenhardt,1992/01/26,26,6,0,Hertha BSC,1
Germany,F,3,DF,Jonas Hector,1990/05/27,28,37,3,1. FC Köln,1
Germany,F,4,DF,Matthias Ginter,1994/01/19,24,17,0,Borussia Mönchengladbach,1
Germany,F,5,DF,Mats Hummels,1988/12/16,29,63,5,Bayern Munich,1
Germany,F,6,MF,Sami Khedira,1987/04/04,31,74,7,Juventus,1
Germany,F,7,MF,Julian Draxler,1993/09/20,24,43,6,Paris Saint-Germain,1
Germany,F,8,MF,Toni Kroos,1990/01/04,28,82,12,Real Madrid,1
Germany,F,9,FW,Timo Werner,1996/03/06,22,13,7,RB Leipzig,1
Germany,F,10,MF,Mesut Özil,1988/10/15,29,90,23,Arsenal,1
Germany,F,11,FW,Marco Reus,1989/05/31,29,30,9,Borussia Dortmund,1
Germany,F,12,GK,Kevin Trapp,1990/07/08,27,3,0,Paris Saint-Germain,1
Germany,F,13,MF,Thomas Müller,1989/09/13,28,90,38,Bayern Munich,1
Germany,F,14,MF,Leon Goretzka,1995/02/06,23,15,6,Schalke 04,1
Germany,F,15,DF,Niklas Süle,1995/09/03,22,10,0,Bayern Munich,1
Germany,F,16,DF,Antonio Rüdiger,1993/03/03,25,24,1,Chelsea,1
Germany,F,17,DF,Jérôme Boateng,1988/09/03,29,70,1,Bayern Munich,1
Germany,F,18,DF,Joshua Kimmich,1995/02/08,23,28,3,Bayern Munich,1
Germany,F,19,MF,Sebastian Rudy,1990/02/28,28,25,1,Bayern Munich,1
Germany,F,20,MF,Julian Brandt,1996/05/02,22,15,1,Bayer Leverkusen,1
Germany,F,21,MF,İlkay Gündoğan,1990/10/24,27,25,4,Manchester City,1
Germany,F,22,GK,Marc-André ter Stegen,1992/04/30,26,19,0,Barcelona,1
Germany,F,23,FW,Mario Gómez,1985/07/10,32,74,31,VfB Stuttgart,1
Mexico,F,1,GK,José de Jesús Corona,1981/01/26,37,52,0,Cruz Azul,1
Mexico,F,2,DF,Hugo Ayala,1987/03/31,31,42,1,UANL,1
Mexico,F,3,DF,Carlos Salcedo,1993/09/29,24,20,0,Eintracht Frankfurt,1
Mexico,F,4,DF,Rafael Márquez,1979/02/13,39,144,18,Atlas,1
Mexico,F,5,DF,Diego Reyes,1992/09/19,25,55,1,Porto,1
Mexico,F,6,MF,Jonathan dos Santos,1990/04/26,28,31,0,LA Galaxy,1
Mexico,F,7,MF,Miguel Layún,1988/06/25,29,63,6,Sevilla,1
Mexico,F,8,FW,Marco Fabián,1989/07/21,28,38,9,Eintracht Frankfurt,1
Mexico,F,9,FW,Raúl Jiménez,1991/05/05,27,63,13,Benfica,1
Mexico,F,10,MF,Giovani dos Santos,1989/05/11,29,104,19,LA Galaxy,1
Mexico,F,11,FW,Carlos Vela,1989/03/01,29,68,18,Los Angeles FC,1
Mexico,F,12,GK,Alfredo Talavera,1982/09/18,35,27,0,Toluca,1
Mexico,F,13,GK,Guillermo Ochoa,1985/07/13,32,93,0,Standard Liège,1
Mexico,F,14,FW,Javier Hernández,1988/06/01,30,101,49,West Ham United,1
Mexico,F,15,DF,Héctor Moreno,1988/01/17,30,91,3,Real Sociedad,1
Mexico,F,16,DF,Héctor Herrera,1990/04/19,28,65,5,Porto,1
Mexico,F,17,MF,Jesús Manuel Corona,1993/01/06,25,35,7,Porto,1
Mexico,F,18,MF,Andrés Guardado (captain),1986/09/28,31,144,25,Real Betis,1
Mexico,F,19,FW,Oribe Peralta,1984/01/12,34,66,26,América,1
Mexico,F,20,MF,Javier Aquino,1990/02/11,28,53,0,UANL,1
Mexico,F,21,DF,Edson Álvarez,1997/10/24,20,12,1,América,1
Mexico,F,22,FW,Hirving Lozano,1995/07/30,22,27,7,PSV Eindhoven,1
Mexico,F,23,MF,Jesús Gallardo,1994/08/15,23,22,0,UNAM,1
South Korea,F,1,GK,Kim Seung-gyu,1990/09/30,27,32,0,Vissel Kobe,1
South Korea,F,2,DF,Lee Yong,1986/12/24,31,26,0,Jeonbuk Hyundai Motors,1
South Korea,F,3,DF,Jung Seung-hyun,1994/04/03,24,6,0,Sagan Tosu,1
South Korea,F,4,DF,Oh Ban-suk,1988/05/20,30,2,0,Jeju United,1
South Korea,F,5,DF,Yun Young-sun,1988/10/04,29,5,0,Seongnam FC,1
South Korea,F,6,DF,Park Joo-ho,1987/01/16,31,35,0,Ulsan Hyundai,1
South Korea,F,7,FW,Son Heung-min,1992/07/08,25,65,21,Tottenham Hotspur,1
South Korea,F,8,MF,Ju Se-jong,1990/10/30,27,10,1,Asan Mugunghwa,1
South Korea,F,9,FW,Kim Shin-wook,1988/04/14,30,48,10,Jeonbuk Hyundai Motors,1
South Korea,F,10,MF,Lee Seung-woo,1998/01/06,20,2,0,Hellas Verona,1
South Korea,F,11,FW,Hwang Hee-chan,1996/01/26,22,13,2,Red Bull Salzburg,1
South Korea,F,12,DF,Kim Min-woo,1990/02/25,28,18,1,Sangju Sangmu,1
South Korea,F,13,MF,Koo Ja-cheol,1989/02/27,29,66,19,FC Augsburg,1
South Korea,F,14,DF,Hong Chul,1990/09/17,27,14,0,Sangju Sangmu,1
South Korea,F,15,MF,Jung Woo-young,1989/12/14,28,28,1,Vissel Kobe,1
South Korea,F,16,MF,Ki Sung-yueng (captain),1989/01/24,29,100,10,Swansea City,1
South Korea,F,17,MF,Lee Jae-sung,1992/08/10,25,33,6,Jeonbuk Hyundai Motors,1
South Korea,F,18,MF,Moon Seon-min,1992/06/09,25,2,1,Incheon United,1
South Korea,F,19,DF,Kim Young-gwon,1990/02/27,28,51,2,Guangzhou Evergrande,1
South Korea,F,20,DF,Jang Hyun-soo,1991/09/28,26,49,3,FC Tokyo,1
South Korea,F,21,GK,Kim Jin-hyeon,1987/07/06,30,14,0,Cerezo Osaka,1
South Korea,F,22,DF,Go Yo-han,1988/03/10,30,19,0,FC Seoul,1
South Korea,F,23,GK,Cho Hyun-woo,1991/09/25,26,5,0,Daegu FC,1
Sweden,F,1,GK,Robin Olsen,1990/01/08,28,17,0,Copenhagen,1
Sweden,F,2,DF,Mikael Lustig,1986/12/13,31,65,6,Celtic,1
Sweden,F,3,DF,Victor Lindelöf,1994/07/17,23,20,1,Manchester United,1
Sweden,F,4,DF,Andreas Granqvist (captain),1985/04/16,33,71,6,Krasnodar,1
Sweden,F,5,DF,Martin Olsson,1988/05/17,30,43,5,Swansea City,1
Sweden,F,6,DF,Ludwig Augustinsson,1994/04/21,24,14,0,Werder Bremen,1
Sweden,F,7,MF,Sebastian Larsson,1985/06/06,32,99,6,Hull City,1
Sweden,F,8,MF,Albin Ekdal,1989/07/28,28,33,0,Hamburger SV,1
Sweden,F,9,FW,Marcus Berg,1986/08/17,31,56,18,Al Ain,1
Sweden,F,10,MF,Emil Forsberg,1991/10/23,26,35,6,RB Leipzig,1
Sweden,F,11,FW,John Guidetti,1992/04/15,26,20,1,Alavés,1
Sweden,F,12,GK,Karl-Johan Johnsson,1990/01/28,28,5,0,Guingamp,1
Sweden,F,13,MF,Gustav Svensson,1987/02/07,31,12,0,Seattle Sounders FC,1
Sweden,F,14,DF,Filip Helander,1993/04/22,25,4,0,Bologna,1
Sweden,F,15,MF,Oscar Hiljemark,1992/06/28,25,21,2,Genoa,1
Sweden,F,16,DF,Emil Krafth,1994/08/02,23,12,0,Bologna,1
Sweden,F,17,MF,Viktor Claesson,1992/01/02,26,21,3,Krasnodar,1
Sweden,F,18,DF,Pontus Jansson,1991/02/13,27,15,0,Leeds United,1
Sweden,F,19,MF,Marcus Rohdén,1991/05/11,27,11,1,Crotone,1
Sweden,F,20,FW,Ola Toivonen,1986/07/03,31,58,13,Toulouse,1
Sweden,F,21,MF,Jimmy Durmaz,1989/03/22,29,45,3,Toulouse,1
Sweden,F,22,FW,Isaac Kiese Thelin,1992/06/24,25,19,2,Waasland-Beveren,1
Sweden,F,23,GK,Kristoffer Nordfeldt,1989/06/23,28,8,0,Swansea City,1
Belgium,G,1,GK,Thibaut Courtois,1992/05/11,26,56,0,Chelsea,1
Belgium,G,2,DF,Toby Alderweireld,1989/03/02,29,72,3,Tottenham Hotspur,1
Belgium,G,3,DF,Thomas Vermaelen,1985/11/14,32,64,1,Barcelona,1
Belgium,G,4,DF,Vincent Kompany,1986/04/10,32,74,4,Manchester City,1
Belgium,G,5,DF,Jan Vertonghen,1987/04/24,31,100,8,Tottenham Hotspur,1
Belgium,G,6,MF,Axel Witsel,1989/01/12,29,85,9,Tianjin Quanjian,1
Belgium,G,7,MF,Kevin De Bruyne,1991/06/28,26,57,13,Manchester City,1
Belgium,G,8,MF,Marouane Fellaini,1987/11/22,30,79,16,Manchester United,1
Belgium,G,9,FW,Romelu Lukaku,1993/05/13,25,64,30,Manchester United,1
Belgium,G,10,FW,Eden Hazard (captain),1991/01/07,27,82,21,Chelsea,1
Belgium,G,11,MF,Yannick Carrasco,1993/09/04,24,23,5,Dalian Yifang,1
Belgium,G,12,GK,Simon Mignolet,1988/03/06,30,21,0,Liverpool,1
Belgium,G,13,GK,Koen Casteels,1992/06/25,25,0,0,VfL Wolfsburg,1
Belgium,G,14,FW,Dries Mertens,1987/05/06,31,65,13,Napoli,1
Belgium,G,15,DF,Thomas Meunier,1991/09/12,26,23,5,Paris Saint-Germain,1
Belgium,G,16,MF,Thorgan Hazard,1993/03/29,25,8,1,Borussia Mönchengladbach,1
Belgium,G,17,MF,Youri Tielemans,1997/05/07,21,7,0,Monaco,1
Belgium,G,18,FW,Adnan Januzaj,1995/02/05,23,7,0,Real Sociedad,1
Belgium,G,19,MF,Mousa Dembélé,1987/07/16,30,74,5,Tottenham Hotspur,1
Belgium,G,20,DF,Dedryck Boyata,1990/11/28,27,5,0,Celtic,1
Belgium,G,21,FW,Michy Batshuayi,1993/10/02,24,13,5,Borussia Dortmund,1
Belgium,G,22,MF,Nacer Chadli,1989/08/02,28,41,4,West Bromwich Albion,1
Belgium,G,23,DF,Leander Dendoncker,1995/04/15,23,4,0,Anderlecht,1
England,G,1,GK,Jordan Pickford,1994/03/07,24,3,0,Everton,1
England,G,2,DF,Kyle Walker,1990/05/28,28,35,0,Manchester City,1
England,G,3,DF,Danny Rose,1990/07/02,27,17,0,Tottenham Hotspur,1
England,G,4,MF,Eric Dier,1994/01/15,24,26,3,Tottenham Hotspur,1
England,G,5,DF,John Stones,1994/05/28,24,25,0,Manchester City,1
England,G,6,DF,Harry Maguire,1993/03/05,25,4,0,Leicester City,1
England,G,7,MF,Jesse Lingard,1992/12/15,25,11,1,Manchester United,1
England,G,8,MF,Jordan Henderson,1990/06/17,27,38,0,Liverpool,1
England,G,9,FW,Harry Kane (captain),1993/07/28,24,24,13,Tottenham Hotspur,1
England,G,10,FW,Raheem Sterling,1994/12/08,23,38,2,Manchester City,1
England,G,11,FW,Jamie Vardy,1987/01/11,31,21,7,Leicester City,1
England,G,12,DF,Kieran Trippier,1990/09/19,27,6,0,Tottenham Hotspur,1
England,G,13,GK,Jack Butland,1993/03/10,25,7,0,Stoke City,1
England,G,14,FW,Danny Welbeck,1990/11/26,27,38,15,Arsenal,1
England,G,15,DF,Gary Cahill,1985/12/19,32,59,5,Chelsea,1
England,G,16,DF,Phil Jones,1992/02/21,26,24,0,Manchester United,1
England,G,17,DF,Fabian Delph,1989/11/21,28,10,0,Manchester City,1
England,G,18,DF,Ashley Young,1985/07/09,32,34,7,Manchester United,1
England,G,19,FW,Marcus Rashford,1997/10/31,20,18,2,Manchester United,1
England,G,20,MF,Dele Alli,1996/04/11,22,24,2,Tottenham Hotspur,1
England,G,21,MF,Ruben Loftus-Cheek,1996/01/23,22,3,0,Crystal Palace,1
England,G,22,DF,Trent Alexander-Arnold,1998/10/07,19,0,0,Liverpool,1
England,G,23,GK,Nick Pope,1992/04/19,26,0,0,Burnley,1
Panama,G,1,GK,Jaime Penedo,1981/09/26,36,130,0,Dinamo București,1
Panama,G,2,DF,Michael Amir Murillo,1996/02/11,22,21,2,New York Red Bulls,1
Panama,G,3,DF,Harold Cummings,1992/03/01,26,51,0,San Jose Earthquakes,1
Panama,G,4,DF,Fidel Escobar,1995/01/09,23,22,1,New York Red Bulls,1
Panama,G,5,DF,Román Torres,1986/03/20,32,110,10,Seattle Sounders FC,1
Panama,G,6,MF,Gabriel Gómez,1984/05/29,34,143,12,Atlético Bucaramanga,1
Panama,G,7,FW,Blas Pérez,1981/03/13,37,117,43,Municipal,1
Panama,G,8,MF,Édgar Bárcenas,1993/10/23,24,28,0,Tapachula,1
Panama,G,9,FW,Gabriel Torres,1988/10/31,29,71,14,Huachipato,1
Panama,G,10,FW,Ismael Díaz,1997/05/12,21,10,2,Deportivo Fabril,1
Panama,G,11,MF,Armando Cooper,1987/11/26,30,97,7,Universidad de Chile,1
Panama,G,12,GK,José Calderón,1985/08/14,32,31,0,Chorrillo,1
Panama,G,13,DF,Adolfo Machado,1985/02/14,33,75,1,Houston Dynamo,1
Panama,G,14,MF,Valentín Pimentel,1991/05/30,27,22,1,Plaza Amador,1
Panama,G,15,DF,Erick Davis,1991/03/31,27,37,0,Dunajská Streda,1
Panama,G,16,FW,Abdiel Arroyo,1993/12/13,24,33,5,Alajuelense,1
Panama,G,17,DF,Luis Ovalle,1988/09/07,29,25,0,Olimpia,1
Panama,G,18,FW,Luis Tejada,1982/03/28,36,105,43,Sport Boys,1
Panama,G,19,MF,Alberto Quintero,1987/12/18,30,89,5,Universitario,1
Panama,G,20,MF,Aníbal Godoy,1990/02/10,28,88,2,San Jose Earthquakes,1
Panama,G,21,MF,José Luis Rodríguez,1998/06/19,19,1,0,Gent,1
Panama,G,22,GK,Álex Rodríguez,1990/08/05,27,6,0,San Francisco,1
Panama,G,23,DF,Felipe Baloy (captain),1981/02/24,37,102,3,Municipal,1
Tunisia,G,1,GK,Farouk Ben Mustapha,1989/07/01,28,15,0,Al-Shabab,1
Tunisia,G,2,DF,Syam Ben Youssef,1989/03/31,29,41,1,Kasımpaşa,1
Tunisia,G,3,DF,Yohan Benalouane,1987/03/28,31,3,0,Leicester City,1
Tunisia,G,4,DF,Yassine Meriah,1993/07/02,24,15,1,CS Sfaxien,1
Tunisia,G,5,DF,Oussama Haddadi,1992/01/28,26,8,0,Dijon,1
Tunisia,G,6,DF,Rami Bedoui,1990/01/19,28,8,0,Étoile du Sahel,1
Tunisia,G,7,FW,Saîf-Eddine Khaoui,1995/04/27,23,4,0,Troyes,1
Tunisia,G,8,FW,Fakhreddine Ben Youssef,1991/06/23,26,38,5,Al-Ettifaq,1
Tunisia,G,9,MF,Anice Badri,1990/09/18,27,6,2,Espérance,1
Tunisia,G,10,FW,Wahbi Khazri,1991/02/08,27,35,12,Rennes,1
Tunisia,G,11,DF,Dylan Bronn,1995/06/19,22,4,0,Gent,1
Tunisia,G,12,DF,Ali Maâloul,1990/01/01,28,45,0,Al Ahly,1
Tunisia,G,13,MF,Ferjani Sassi,1992/03/18,26,38,3,Al-Nassr,1
Tunisia,G,14,MF,Mohamed Amine Ben Amor,1992/05/03,26,25,1,Al-Ahli,1
Tunisia,G,15,FW,Ahmed Khalil,1994/12/21,23,3,0,Club Africain,1
Tunisia,G,16,GK,Aymen Mathlouthi (captain),1984/09/14,33,69,0,Al-Batin,1
Tunisia,G,17,MF,Ellyes Skhiri,1995/05/10,23,4,0,Montpellier,1
Tunisia,G,18,FW,Bassem Srarfi,1997/06/25,20,4,0,Nice,1
Tunisia,G,19,FW,Saber Khalifa,1986/10/14,31,43,7,Club Africain,1
Tunisia,G,20,FW,Ghailene Chaalali,1994/02/28,24,6,1,Espérance,1
Tunisia,G,21,DF,Hamdi Nagguez,1992/10/28,25,15,0,Zamalek,1
Tunisia,G,22,GK,Mouez Hassen,1995/03/05,23,3,0,Châteauroux,1
Tunisia,G,23,FW,Naïm Sliti,1992/07/27,25,16,3,Dijon,1
Colombia,H,1,GK,David Ospina,1988/08/31,29,86,0,Arsenal,1
Colombia,H,2,DF,Cristián Zapata,1986/09/30,31,55,2,Milan,1
Colombia,H,3,DF,Óscar Murillo,1988/04/18,30,13,0,Pachuca,1
Colombia,H,4,DF,Santiago Arias,1992/01/13,26,41,0,PSV Eindhoven,1
Colombia,H,5,MF,Wílmar Barrios,1993/10/16,24,10,0,Boca Juniors,1
Colombia,H,6,MF,Carlos Sánchez,1986/02/06,32,85,0,Espanyol,1
Colombia,H,7,FW,Carlos Bacca,1986/09/08,31,45,14,Villarreal,1
Colombia,H,8,MF,Abel Aguilar,1985/01/06,33,70,7,Deportivo Cali,1
Colombia,H,9,FW,Radamel Falcao (captain),1986/02/10,32,73,29,Monaco,1
Colombia,H,10,MF,James Rodríguez,1991/07/12,26,63,21,Bayern Munich,1
Colombia,H,11,MF,Juan Cuadrado,1988/05/26,30,70,7,Juventus,1
Colombia,H,12,GK,Camilo Vargas,1989/03/09,29,5,0,Deportivo Cali,1
Colombia,H,13,DF,Yerry Mina,1994/09/23,23,12,3,Barcelona,1
Colombia,H,14,FW,Luis Muriel,1991/04/16,27,18,2,Sevilla,1
Colombia,H,15,MF,Mateus Uribe,1991/03/21,27,8,0,América,1
Colombia,H,16,MF,Jefferson Lerma,1994/10/25,23,5,0,Levante,1
Colombia,H,17,DF,Johan Mojica,1992/08/21,25,4,1,Girona,1
Colombia,H,18,DF,Frank Fabra,1991/02/22,27,19,1,Boca Juniors,1
Colombia,H,19,FW,Miguel Borja,1993/01/26,25,7,2,Palmeiras,1
Colombia,H,20,MF,Juan Fernando Quintero,1993/01/18,25,15,2,River Plate,1
Colombia,H,21,FW,José Izquierdo,1992/07/07,25,5,1,Brighton & Hove Albion,1
Colombia,H,22,GK,José Fernando Cuadrado,1985/06/01,33,1,0,Once Caldas,1
Colombia,H,23,DF,Dávinson Sánchez,1996/06/12,21,9,0,Tottenham Hotspur,1
Japan,H,1,GK,Eiji Kawashima,1983/03/20,35,83,0,Metz,1
Japan,H,2,DF,Naomichi Ueda,1994/10/24,23,3,0,Kashima Antlers,1
Japan,H,3,DF,Gen Shoji,1992/12/11,25,10,1,Kashima Antlers,1
Japan,H,4,MF,Keisuke Honda,1986/06/13,31,94,36,Pachuca,1
Japan,H,5,DF,Yuto Nagatomo,1986/09/12,31,104,3,Galatasaray,1
Japan,H,6,DF,Wataru Endo,1993/02/09,25,11,0,Urawa Red Diamonds,1
Japan,H,7,MF,Gaku Shibasaki,1992/05/28,26,16,3,Getafe,1
Japan,H,8,MF,Genki Haraguchi,1991/05/09,27,31,6,Fortuna Düsseldorf,1
Japan,H,9,FW,Shinji Okazaki,1986/04/16,32,112,50,Leicester City,1
Japan,H,10,MF,Shinji Kagawa,1989/03/17,29,90,29,Borussia Dortmund,1
Japan,H,11,MF,Takashi Usami,1992/05/06,26,22,3,Fortuna Düsseldorf,1
Japan,H,12,GK,Masaaki Higashiguchi,1986/05/12,32,4,0,Gamba Osaka,1
Japan,H,13,FW,Yoshinori Mutō,1992/07/15,25,22,2,Mainz 05,1
Japan,H,14,MF,Takashi Inui,1988/06/02,30,25,2,Eibar,1
Japan,H,15,FW,Yuya Osako,1990/05/18,28,27,7,1. FC Köln,1
Japan,H,16,MF,Hotaru Yamaguchi,1990/10/06,27,41,2,Cerezo Osaka,1
Japan,H,17,MF,Makoto Hasebe (captain),1984/01/18,34,109,2,Eintracht Frankfurt,1
Japan,H,18,MF,Ryota Oshima,1993/01/23,25,4,0,Kawasaki Frontale,1
Japan,H,19,DF,Hiroki Sakai,1990/04/12,28,41,0,Marseille,1
Japan,H,20,DF,Tomoaki Makino,1987/05/11,31,31,4,Urawa Red Diamonds,1
Japan,H,21,DF,Gōtoku Sakai,1991/03/14,27,39,0,Hamburger SV,1
Japan,H,22,DF,Maya Yoshida,1988/08/24,29,81,10,Southampton,1
Japan,H,23,GK,Kosuke Nakamura,1995/02/27,23,3,0,Kashiwa Reysol,1
Poland,H,1,GK,Wojciech Szczęsny,1990/04/18,28,33,0,Juventus,1
Poland,H,2,DF,Michał Pazdan,1987/09/21,30,31,0,Legia Warsaw,1
Poland,H,3,DF,Artur Jędrzejczyk,1987/11/04,30,35,3,Legia Warsaw,1
Poland,H,4,DF,Thiago Cionek,1986/04/21,32,17,0,SPAL,1
Poland,H,5,DF,Jan Bednarek,1996/04/12,22,1,0,Southampton,1
Poland,H,6,MF,Jacek Góralski,1992/09/21,25,3,0,Ludogorets Razgrad,1
Poland,H,7,FW,Arkadiusz Milik,1994/02/28,24,38,12,Napoli,1
Poland,H,8,MF,Karol Linetty,1995/02/02,23,19,1,Sampdoria,1
Poland,H,9,FW,Robert Lewandowski (captain),1988/08/21,29,93,52,Bayern Munich,1
Poland,H,10,MF,Grzegorz Krychowiak,1990/01/29,28,49,2,West Bromwich Albion,1
Poland,H,11,MF,Kamil Grosicki,1988/06/08,29,56,12,Hull City,1
Poland,H,12,GK,Bartosz Białkowski,1987/07/06,30,1,0,Ipswich Town,1
Poland,H,13,MF,Maciej Rybus,1989/08/19,28,49,2,Lokomotiv Moscow,1
Poland,H,14,FW,Łukasz Teodorczyk,1991/06/03,27,15,4,Anderlecht,1
Poland,H,15,DF,Kamil Glik,1988/02/03,30,57,4,Monaco,1
Poland,H,16,MF,Jakub Błaszczykowski,1985/12/14,32,97,19,VfL Wolfsburg,1
Poland,H,17,MF,Sławomir Peszko,1985/02/19,33,43,2,Lechia Gdańsk,1
Poland,H,18,DF,Bartosz Bereszyński,1992/07/12,25,6,0,Sampdoria,1
Poland,H,19,MF,Piotr Zieliński,1994/05/20,24,31,4,Napoli,1
Poland,H,20,DF,Łukasz Piszczek,1985/06/03,33,61,3,Borussia Dortmund,1
Poland,H,21,MF,Rafał Kurzawa,1993/01/29,25,3,0,Górnik Zabrze,1
Poland,H,22,GK,Łukasz Fabiański,1985/04/18,33,43,0,Swansea City,1
Poland,H,23,FW,Dawid Kownacki,1997/03/14,21,1,0,Sampdoria,1
Senegal,H,1,GK,Abdoulaye Diallo,1992/03/30,26,16,0,Rennes,1
Senegal,H,2,DF,Saliou Ciss,1989/06/15,28,18,0,Valenciennes,1
Senegal,H,3,DF,Kalidou Koulibaly,1991/06/20,26,24,0,Napoli,1
Senegal,H,4,DF,Kara Mbodji,1989/11/22,28,51,5,Anderlecht,1
Senegal,H,5,MF,Idrissa Gueye,1989/09/26,28,59,1,Everton,1
Senegal,H,6,MF,Salif Sané,1990/08/25,27,20,0,Hannover 96,1
Senegal,H,7,FW,Moussa Sow,1986/01/19,32,50,18,Bursaspor,1
Senegal,H,8,MF,Cheikhou Kouyaté (captain),1989/12/21,28,47,2,West Ham United,1
Senegal,H,9,FW,Mame Biram Diouf,1987/12/16,30,47,10,Stoke City,1
Senegal,H,10,FW,Sadio Mané,1992/04/10,26,51,14,Liverpool,1
Senegal,H,11,MF,"Cheikh N'Doye",1986/03/29,32,24,3,Birmingham City,1
Senegal,H,12,DF,Youssouf Sabaly,1993/03/05,25,3,0,Bordeaux,1
Senegal,H,13,MF,"Alfred N'Diaye",1990/03/06,28,19,0,Wolverhampton Wanderers,1
Senegal,H,14,FW,Moussa Konaté,1993/04/03,25,27,9,Amiens,1
Senegal,H,15,FW,Diafra Sakho,1989/12/24,28,10,3,Rennes,1
Senegal,H,16,GK,"Khadim N'Diaye",1985/04/05,33,25,0,Horoya,1
Senegal,H,17,MF,Badou Ndiaye,1990/10/27,27,18,1,Stoke City,1
Senegal,H,18,FW,Ismaïla Sarr,1998/02/25,20,14,2,Rennes,1
Senegal,H,19,FW,"M'Baye Niang",1994/12/19,23,5,0,Torino,1
Senegal,H,20,FW,Keita Baldé,1995/03/08,23,17,3,Monaco,1
Senegal,H,21,DF,Lamine Gassama,1989/10/20,28,35,0,Alanyaspor,1
Senegal,H,22,DF,Moussa Wagué,1998/10/04,19,9,0,Eupen,1
Senegal,H,23,GK,Alfred Gomis,1993/09/05,24,1,0,SPAL,1
